Attempt, Reward, Steps, Time Remaining
0, 1, 39, 5.280359
1, 1, 29, 4.936514
2, -1, 28, 3.740452
3, 1, 21, 3.063533
4, 1, 21, 3.158345
5, 1, 21, 2.720973
6, 1, 21, 3.492306
